front,id,seq,len,anchor,d_ini,d_fim,d_mean,occ5_h2,occ5,anchor_same,rmsd_mean,rmsd_f20,rmsd_last10,jump,ser195,his57,contact_any,ring_intact,ring_omega_frac,ring_omega_min,ring_CN_max
L,Agemmatalis__r1,GGSQSS,6,Q,5.41,9.16,6.69,0.068,0.076,True,0.53,0.617,,0,0.858,0.94,1.0,,,,
L,Agemmatalis__r2,NGGRPDAP,8,R,2.78,2.74,2.76,1.0,1.0,True,0.206,0.209,,0,1.0,0.992,1.0,,,,
L,Agemmatalis__r3,GTDEN,5,E,4.64,5.0,4.91,0.629,0.621,True,0.374,0.341,,0,1.0,0.541,1.0,,,,
L,Sfrugiperda__r1,GPGGGTG,7,T,6.75,6.33,6.32,0.0,0.0,True,0.736,0.851,,0,0.986,0.842,1.0,,,,
L,Sfrugiperda__r2,GTDTG,5,T,4.92,6.17,6.14,0.0,0.052,True,0.334,0.347,,0,0.992,0.549,1.0,,,,
L,Sfrugiperda__r3,GGTSE,5,S,6.93,6.64,7.06,0.0,0.0,True,0.222,0.353,,0,0.922,0.988,1.0,,,,
L,Slitura__r1,GISGS,5,S,9.0,14.09,11.6,0.0,0.0,False,0.325,0.321,,0,1.0,0.998,1.0,,,,
L,Slitura__r2,QAPDFPTGPNNS,12,F,5.58,8.98,8.61,0.0,0.006,True,0.588,0.61,,0,1.0,0.982,1.0,,,,
L,Slitura__r3,GTPESNES,8,N,5.83,6.69,6.73,0.0,0.0,True,0.545,0.67,,0,0.994,0.854,1.0,,,,
L,Onubilalis__r1,GSNIN,5,N,5.33,5.2,5.16,0.371,0.349,True,0.289,0.373,,23,1.0,1.0,1.0,,,,
L,Onubilalis__r2,GQNDS,5,Q,4.0,3.77,3.42,1.0,1.0,True,0.333,0.515,,0,0.874,0.908,1.0,,,,
L,Onubilalis__r3,GDNSD,5,N,4.98,4.85,4.93,0.542,0.537,True,0.286,0.263,,0,0.737,0.709,1.0,,,,
L,Dsaccharalis__r1,PTTTQT,6,Q,5.3,5.43,5.14,0.351,0.387,True,0.242,0.252,,0,1.0,1.0,1.0,,,,
L,Dsaccharalis__r2,GGDINPG,7,I,6.13,16.52,8.69,0.024,0.072,True,0.539,1.144,,114,0.816,0.222,0.998,,,,
L,Dsaccharalis__r3,SGIDG,5,I,5.76,6.5,6.03,0.028,0.088,True,0.559,0.72,,1,0.18,0.259,1.0,,,,
L,Cincludens__r1,TDETG,5,T,5.7,15.75,9.33,0.0,0.012,False,0.549,1.164,,6,0.136,0.05,0.984,,,,
L,Cincludens__r2,STTDGG,6,T,5.74,6.85,6.34,0.0,0.012,True,0.536,0.785,,13,0.591,0.926,1.0,,,,
L,Cincludens__r3,GGPSTG,6,S,10.96,14.7,11.64,0.0,0.0,True,0.431,0.339,,0,0.932,0.707,1.0,,,,
L,Hvirescens__r1,GGPSPES,7,E,4.68,11.01,7.05,0.068,0.152,True,0.381,0.394,,0,0.687,0.998,1.0,,,,
L,Hvirescens__r2,SGPIG,5,I,6.25,8.68,7.34,0.0,0.0,True,0.23,0.269,,0,0.99,0.998,1.0,,,,
L,Hvirescens__r3,NGGTT,5,T,6.3,7.77,7.3,0.0,0.0,True,0.536,0.621,,0,1.0,0.337,1.0,,,,
L,Pxylostella__r1,GHHGGG,6,H,3.23,4.79,3.93,0.673,0.836,True,0.966,1.326,,0,0.485,0.028,1.0,,,,
L,Pxylostella__r2,GSGGPS,6,S,7.7,9.11,8.82,0.0,0.0,True,0.518,0.799,,0,1.0,0.838,1.0,,,,
L,Pxylostella__r3,HGGGGSG,7,S,9.88,38.14,28.8,0.0,0.0,False,2.219,2.643,,200,0.032,0.026,0.816,,,,
M,Agemmatalis__r1,GGSQSS,6,Q,5.34,8.02,7.21,0.0,0.086,True,0.574,0.503,,19,1.0,0.671,1.0,False,0.998,149.0,1.446
M,Agemmatalis__r2,GGKPGEP,7,K,2.71,2.71,2.71,1.0,1.0,True,0.29,0.294,,0,0.9,0.992,1.0,False,0.996,144.5,1.442
M,Agemmatalis__r3,GGSDHT,6,H,2.87,6.69,5.72,0.0,0.267,True,0.198,0.224,,0,0.697,0.86,1.0,False,0.998,147.7,1.426
M,Sfrugiperda__r1,GGHSE,5,H,2.86,3.07,3.13,0.988,0.992,True,0.214,0.238,,0,0.99,0.625,1.0,True,1.0,153.7,1.433
M,Sfrugiperda__r2,GENGGPG,7,N,5.01,5.24,5.12,0.406,0.385,True,0.245,0.217,,0,0.992,1.0,1.0,False,0.998,146.3,1.44
M,Sfrugiperda__r3,GPDGGTG,7,G,6.99,5.68,5.96,0.008,0.006,True,0.268,0.274,,0,0.998,0.976,1.0,False,0.986,144.2,1.424
M,Slitura__r1,QSPDFPNPPNNH,12,F,6.48,11.25,9.32,0.0,0.002,True,0.743,0.96,,151,0.102,0.329,1.0,True,1.0,155.5,1.422
M,Slitura__r2,QAPDFPTGPNQS,12,F,5.73,6.26,6.79,0.0,0.004,True,0.326,0.265,,20,0.968,0.856,1.0,False,0.998,144.2,1.421
M,Slitura__r3,QSPDFPNGPGQS,12,F,4.27,5.07,4.92,0.351,0.527,True,0.316,0.3,,0,1.0,0.942,1.0,True,1.0,152.9,1.44
M,Onubilalis__r1,HSQPGSPTGG,10,T,17.05,35.19,27.99,0.0,0.0,True,1.646,1.693,,63,0.126,0.098,0.966,False,0.996,147.1,1.422
M,Onubilalis__r2,GSDSNG,6,S,5.56,5.7,6.14,0.016,0.014,True,0.561,0.676,,0,0.866,0.655,1.0,True,1.0,155.7,1.432
M,Onubilalis__r3,GQNDS,5,Q,4.85,10.27,8.9,0.0,0.022,True,0.297,0.414,,0,0.986,0.695,1.0,True,1.0,157.5,1.44
M,Dsaccharalis__r1,GIGSG,5,I,4.16,8.12,6.53,0.0,0.202,True,0.385,0.413,,0,0.976,0.878,1.0,False,0.998,149.2,1.438
M,Dsaccharalis__r2,DGING,5,I,6.1,7.14,6.89,0.0,0.004,True,0.309,0.301,,0,0.77,0.966,1.0,False,0.998,149.9,1.421
M,Dsaccharalis__r3,IYPETG,6,Y,5.13,6.6,6.62,0.008,0.028,True,0.239,0.218,,0,0.982,1.0,1.0,True,1.0,154.3,1.415
M,Cincludens__r1,PISQIDSGSR,10,R,3.97,5.21,4.66,0.331,0.577,True,0.518,0.65,,0,1.0,1.0,1.0,False,0.978,144.2,1.448
M,Cincludens__r2,SGSTDIE,7,I,5.51,5.72,5.59,0.064,0.078,True,0.203,0.263,,2,0.994,0.968,1.0,True,1.0,153.3,1.418
M,Cincludens__r3,GGSTDID,7,T,5.99,5.95,6.08,0.012,0.008,True,0.275,0.27,,0,0.984,0.519,1.0,True,1.0,152.5,1.462
M,Hvirescens__r1,THSGSGS,7,H,5.29,7.3,6.83,0.0,0.012,True,0.511,0.776,,0,0.946,0.599,1.0,False,0.996,137.9,1.433
M,Hvirescens__r2,NGGTT,5,N,6.21,6.76,6.7,0.0,0.0,True,0.181,0.156,,0,0.914,0.984,1.0,True,1.0,151.1,1.433
M,Hvirescens__r3,PHGEA,5,H,4.01,5.66,5.59,0.024,0.086,True,0.267,0.272,,0,0.567,0.882,1.0,False,0.9182,137.2,1.431
M,Pxylostella__r1,GGGGH,5,H,2.93,4.91,3.51,0.817,0.908,True,0.449,0.558,,0,0.99,0.908,1.0,False,0.982,142.2,1.44
M,Pxylostella__r2,GGHGGG,6,H,3.36,10.18,9.04,0.0,0.082,True,0.656,0.945,,0,0.337,0.453,1.0,True,1.0,150.6,1.426
M,Pxylostella__r3,HGGNGSG,7,N,4.17,5.53,5.44,0.088,0.152,True,0.383,0.463,,0,1.0,1.0,1.0,True,1.0,153.6,1.437
