front,tier,provisional,species,sequence,confidence_E2,delta_E3,qc_pose,occ5_h2,anchor,anchor_same,s1_original,ring_strict,ring_frac_ge150,ctrl_decoy_occ5_h2,ph_robust,has_KR,start_dist_Asp189_A,failed,pending,key
L,A,True,Dsaccharalis,PTTTQT,0.944,,True,0.351,Q,True,False,,,,,False,4.49,,delta_gt0,Dsaccharalis__r1
L,A,True,Agemmatalis,NGGRPDAP,0.937,,True,1.0,R,True,True,,,,,True,3.51,,delta_gt0,Agemmatalis__r2
L,A,True,Agemmatalis,GGSQSS,0.937,,True,0.068,Q,True,False,,,,,False,5.51,,delta_gt0,Agemmatalis__r1
L,A,True,Pxylostella,GHHGGG,0.934,,True,0.673,H,True,False,,,,,False,3.25,,delta_gt0,Pxylostella__r1
L,A,True,Dsaccharalis,GGDINPG,0.933,,True,0.024,I,True,False,,,,,False,6.86,,delta_gt0,Dsaccharalis__r2
L,A,True,Pxylostella,GSGGPS,0.932,,True,0.0,S,True,False,,,,,False,5.59,,delta_gt0,Pxylostella__r2
L,A,True,Agemmatalis,GTDEN,0.93,,True,0.629,E,True,False,,,,,False,4.31,,delta_gt0,Agemmatalis__r3
L,A,True,Dsaccharalis,SGIDG,0.929,,True,0.028,I,True,False,,,,,False,5.08,,delta_gt0,Dsaccharalis__r3
L,A,True,Onubilalis,GSNIN,0.926,,True,0.371,N,True,False,,,,,False,5.24,,delta_gt0,Onubilalis__r1
L,A,True,Hvirescens,GGPSPES,0.926,,True,0.068,E,True,False,,,,,False,4.4,,delta_gt0,Hvirescens__r1
L,A,True,Sfrugiperda,GPGGGTG,0.923,,True,0.0,T,True,False,,,,,False,6.33,,delta_gt0,Sfrugiperda__r1
L,A,True,Pxylostella,HGGGGSG,0.923,,True,0.0,S,False,False,,,,,False,6.92,,delta_gt0,Pxylostella__r3
L,A,True,Sfrugiperda,GTDTG,0.918,,True,0.0,T,True,False,,,,,False,4.31,,delta_gt0,Sfrugiperda__r2
L,A,True,Cincludens,TDETG,0.917,,True,0.0,T,False,False,,,,,False,3.23,,delta_gt0,Cincludens__r1
L,A,True,Sfrugiperda,GGTSE,0.915,,True,0.0,S,True,False,,,,,False,5.96,,delta_gt0,Sfrugiperda__r3
L,A,True,Cincludens,STTDGG,0.912,,True,0.0,T,True,False,,,,,False,5.68,,delta_gt0,Cincludens__r2
L,A,True,Hvirescens,SGPIG,0.911,,True,0.0,I,True,False,,,,,False,5.4,,delta_gt0,Hvirescens__r2
L,A,True,Onubilalis,GQNDS,0.909,,True,1.0,Q,True,True,,,,,False,2.55,,delta_gt0,Onubilalis__r2
L,A,True,Cincludens,GGPSTG,0.909,,True,0.0,S,True,False,,,,,False,12.03,,delta_gt0,Cincludens__r3
L,A,True,Hvirescens,NGGTT,0.907,,True,0.0,T,True,False,,,,,False,5.5,,delta_gt0,Hvirescens__r3
L,A,True,Onubilalis,GDNSD,0.891,,True,0.542,N,True,False,,,,,False,5.83,,delta_gt0,Onubilalis__r3
L,A,True,Slitura,GISGS,0.866,,True,0.0,S,False,False,,,,,False,6.78,,delta_gt0,Slitura__r1
L,A,True,Slitura,QAPDFPTGPNNS,0.865,,True,0.0,F,True,False,,,,,False,4.29,,delta_gt0,Slitura__r2
L,A,True,Slitura,GTPESNES,0.864,,True,0.0,N,True,False,,,,,False,5.87,,delta_gt0,Slitura__r3
M,A,True,Dsaccharalis,IYPETG,0.921,,True,0.008,Y,True,False,True,1.0,,,False,3.95,,delta_gt0,Dsaccharalis__r3
M,A,True,Pxylostella,HGGNGSG,0.913,,True,0.088,N,True,False,True,1.0,,,False,5.97,,delta_gt0,Pxylostella__r3
M,A,True,Pxylostella,GGHGGG,0.913,,True,0.0,H,True,False,True,1.0,,,False,3.21,,delta_gt0,Pxylostella__r2
M,A,True,Sfrugiperda,GGHSE,0.908,,True,0.988,H,True,True,True,1.0,,,False,2.85,,delta_gt0,Sfrugiperda__r1
M,A,True,Cincludens,SGSTDIE,0.908,,True,0.064,I,True,False,True,1.0,,,False,4.4,,delta_gt0,Cincludens__r2
M,A,True,Cincludens,GGSTDID,0.904,,True,0.012,T,True,False,True,1.0,,,False,5.19,,delta_gt0,Cincludens__r3
M,A,True,Onubilalis,GSDSNG,0.895,,True,0.016,S,True,False,True,1.0,,,False,4.97,,delta_gt0,Onubilalis__r2
M,A,True,Hvirescens,NGGTT,0.894,,True,0.0,N,True,False,True,1.0,,,False,4.8,,delta_gt0,Hvirescens__r2
M,A,True,Onubilalis,GQNDS,0.874,,True,0.0,Q,True,False,True,1.0,,,False,3.94,,delta_gt0,Onubilalis__r3
M,A,True,Slitura,QSPDFPNPPNNH,0.871,,True,0.0,F,True,False,True,1.0,,,False,4.19,,delta_gt0,Slitura__r1
M,A,True,Slitura,QSPDFPNGPGQS,0.864,,True,0.351,F,True,False,True,1.0,,,False,3.26,,delta_gt0,Slitura__r3
M,B,True,Agemmatalis,GGSQSS,0.932,,True,0.0,Q,True,False,False,0.998,,,False,5.01,ring_strict,delta_gt0,Agemmatalis__r1
M,B,True,Dsaccharalis,GIGSG,0.93,,True,0.0,I,True,False,False,0.998,,,False,4.9,ring_strict,delta_gt0,Dsaccharalis__r1
M,B,True,Pxylostella,GGGGH,0.924,,True,0.817,H,True,True,False,0.982,,,False,3.37,ring_strict,delta_gt0,Pxylostella__r1
M,B,True,Agemmatalis,GGKPGEP,0.923,,True,1.0,K,True,True,False,0.996,,,True,3.17,ring_strict,delta_gt0,Agemmatalis__r2
M,B,True,Dsaccharalis,DGING,0.923,,True,0.0,I,True,False,False,0.998,,,False,5.18,ring_strict,delta_gt0,Dsaccharalis__r2
M,B,True,Cincludens,PISQIDSGSR,0.919,,True,0.331,R,True,False,False,0.978,,,True,2.95,ring_strict,delta_gt0,Cincludens__r1
M,B,True,Agemmatalis,GGSDHT,0.908,,True,0.0,H,True,False,False,0.998,,,False,4.08,ring_strict,delta_gt0,Agemmatalis__r3
M,B,True,Sfrugiperda,GENGGPG,0.902,,True,0.406,N,True,False,False,0.998,,,False,3.47,ring_strict,delta_gt0,Sfrugiperda__r2
M,B,True,Sfrugiperda,GPDGGTG,0.9,,True,0.008,G,True,False,False,0.986,,,False,5.55,ring_strict,delta_gt0,Sfrugiperda__r3
M,B,True,Onubilalis,HSQPGSPTGG,0.898,,True,0.0,T,True,False,False,0.996,,,False,11.56,ring_strict,delta_gt0,Onubilalis__r1
M,B,True,Hvirescens,THSGSGS,0.897,,True,0.0,H,True,False,False,0.996,,,False,4.73,ring_strict,delta_gt0,Hvirescens__r1
M,B,True,Hvirescens,PHGEA,0.891,,True,0.024,H,True,False,False,0.9182,,,False,3.81,ring_strict,delta_gt0,Hvirescens__r3
M,B,True,Slitura,QAPDFPTGPNQS,0.868,,True,0.0,F,True,False,False,0.998,,,False,4.35,ring_strict,delta_gt0,Slitura__r2
