anchor_aa_pH10,anchor_aa_pH82,contact_any_frac_4.5A_pH10,contact_any_frac_4.5A_pH82,d_anchor_asp_fim_A_pH10,d_anchor_asp_fim_A_pH82,d_ini_pH10,d_ini_pH82,front,his57_contact_frac_4.5A_pH10,his57_contact_frac_4.5A_pH82,key,mmgbsa_pH10,mmgbsa_pH82,mmgbsa_sem_pH10,mmgbsa_sem_pH82,occ_5A_h2_pH10,occ_5A_h2_pH82,peptide_rmsd_local_nm_final20pct_pH10,peptide_rmsd_local_nm_final20pct_pH82,prodigy_md_pH10,prodigy_md_pH82,ring_ok_pH10,ring_ok_pH82,sequence,ser195_contact_frac_4.5A_pH10,ser195_contact_frac_4.5A_pH82,prot_diff
R,R,1.0,1.0,2.74,2.84,2.78,3.23,L,0.992,1.0,Agemmatalis__r2,-45.34,-53.25,0.6917859900287092,1.4384597317964785,1.0,0.98,0.209,0.199,-9.486666666666668,-10.053333333333336,,,NGGRPDAP,1.0,0.996,A:CYM12->CYS
E,E,1.0,1.0,5.0,5.25,4.64,5.17,L,0.541,0.675,Agemmatalis__r3,-36.26,-30.16,0.34604162524182,0.4110311209628797,0.629,0.219,0.341,0.444,-7.979999999999998,-8.246666666666668,,,GTDEN,1.0,0.998,A:CYM12->CYS
T,T,1.0,1.0,6.33,5.38,6.75,5.56,L,0.842,0.463,Sfrugiperda__r1,-38.98,-15.27,0.4880168292180111,1.6217642117151305,0.0,0.076,0.851,0.656,-8.026666666666666,-7.2666666666666675,,,GPGGGTG,0.986,0.96,A:CYM8->CYS;A:HID69->HIP
T,G,1.0,1.0,6.17,4.88,4.92,6.68,L,0.549,0.487,Sfrugiperda__r2,-17.56,-5.36,0.19360497514268582,1.501518248174161,0.0,0.677,0.347,0.386,-6.476666666666666,-7.526666666666667,,,GTDTG,0.992,0.898,A:CYM8->CYS
S,S,1.0,1.0,6.64,6.74,6.93,6.91,L,0.988,0.996,Sfrugiperda__r3,-23.21,-26.55,1.125036074799381,0.24941890866572256,0.0,0.0,0.353,0.354,-7.246666666666665,-7.3800000000000034,,,GGTSE,0.922,0.908,A:CYM8->CYS
S,S,1.0,1.0,14.09,11.88,9.0,9.53,L,0.998,1.0,Slitura__r1,-30.24,-33.81,0.6063767594491073,0.2522299078222092,0.0,0.0,0.321,0.308,-9.17,-8.659999999999998,,,GISGS,1.0,1.0,A:ASP210->ASH;A:CYM10->CYS;A:HIE69->HIP
F,F,1.0,1.0,8.98,8.16,5.58,5.78,L,0.982,0.904,Slitura__r2,-56.49,-51.43,0.9651136355890957,0.5501727205160194,0.0,0.004,0.61,0.706,-11.436666666666664,-11.91666666666666,,,QAPDFPTGPNNS,1.0,0.998,A:CYM10->CYS
N,N,1.0,1.0,6.69,5.75,5.83,6.08,L,0.854,1.0,Slitura__r3,-35.32,-42.2,0.8961946395733449,0.726396570476486,0.0,0.06,0.67,0.626,-9.543333333333335,-8.73333333333333,,,GTPESNES,0.994,0.926,A:CYM10->CYS;A:HID69->HIP
N,N,1.0,1.0,5.2,5.82,5.33,5.54,L,1.0,0.996,Onubilalis__r1,-43.06,-48.18,0.8712243026913326,0.14781715191411238,0.371,0.02,0.373,0.427,-9.013333333333332,-9.039999999999997,,,GSNIN,1.0,1.0,
Q,Q,1.0,0.986,3.77,6.97,4.0,3.44,L,0.908,0.603,Onubilalis__r2,-18.21,-1.98,2.280072742699232,0.7708063352100837,1.0,0.04,0.515,0.928,-8.75,-6.665517241379311,,,GQNDS,0.874,0.551,A:HID69->HIP
N,N,1.0,1.0,4.85,5.21,4.98,4.9,L,0.709,0.527,Onubilalis__r3,-8.07,-8.25,0.6488250254113199,0.31315768296498786,0.542,0.203,0.263,0.602,-7.733333333333332,-8.166666666666666,,,GDNSD,0.737,0.808,
Q,Q,1.0,1.0,5.43,5.39,5.3,5.21,L,1.0,0.998,Dsaccharalis__r1,-45.21,-41.57,1.014440477110411,0.4420373812247085,0.351,0.112,0.252,0.488,-9.233333333333333,-8.87,,,PTTTQT,1.0,1.0,
I,I,0.998,1.0,16.52,9.32,6.13,6.31,L,0.222,0.9,Dsaccharalis__r2,-4.42,-34.82,2.039989312128865,2.585085476652562,0.024,0.0,1.144,0.311,-7.713333333333332,-9.126666666666665,,,GGDINPG,0.816,1.0,
I,I,1.0,1.0,6.5,6.66,5.76,4.29,L,0.259,0.156,Dsaccharalis__r3,-13.17,-11.7,1.4158723366179589,1.623314308444301,0.028,0.084,0.72,0.871,-7.876666666666669,-7.660000000000001,,,SGIDG,0.18,0.776,
E,E,1.0,1.0,11.01,8.53,4.68,5.11,L,0.998,0.998,Hvirescens__r1,-40.7,-18.59,0.444749468352687,0.526352292670983,0.068,0.0,0.394,0.243,-7.589999999999999,-8.433333333333332,,,GGPSPES,0.687,1.0,A:HIE68->HIP
I,I,1.0,1.0,8.68,6.21,6.25,6.02,L,0.998,0.988,Hvirescens__r2,-24.25,-26.77,0.3563190255936379,0.9063580802309855,0.0,0.0,0.269,0.224,-8.246666666666668,-8.909999999999998,,,SGPIG,0.99,0.982,
S,S,1.0,1.0,9.11,9.54,7.7,7.55,L,0.838,0.158,Pxylostella__r2,-20.32,-24.16,1.675920607188777,1.4206773404260373,0.0,0.0,0.799,0.449,-8.226666666666667,-8.376666666666667,,,GSGGPS,1.0,1.0,A:HID70->HIP;A:LYN219->LYS
K,K,1.0,1.0,2.71,2.71,2.71,2.71,M,0.992,1.0,Agemmatalis__r2,-35.4,-27.68,1.1172192579793832,0.8485524766330013,1.0,1.0,0.294,0.46,-8.803333333333335,-9.123333333333335,False,True,GGKPGEP,0.9,0.94,A:CYM12->CYS;A:HID71->HIP
H,H,1.0,1.0,3.07,8.61,2.86,2.91,M,0.625,0.818,Sfrugiperda__r1,-26.51,-23.86,1.3326859230891557,1.0870095388725896,0.988,0.0,0.238,0.275,-9.136666666666665,-8.22,True,False,GGHSE,0.99,0.637,
N,N,1.0,1.0,5.24,4.46,5.01,4.57,M,1.0,0.984,Sfrugiperda__r2,-47.27,-25.23,0.8468281393529608,1.0707061744475002,0.406,0.849,0.217,0.261,-8.196666666666664,-8.153333333333334,False,True,GENGGPG,0.992,0.958,A:CYM8->CYS
G,G,1.0,1.0,5.68,8.57,6.99,7.2,M,0.976,0.679,Sfrugiperda__r3,-28.31,-14.29,0.6054523386691971,1.3690153576932582,0.008,0.0,0.274,0.477,-8.389999999999999,-7.920000000000002,False,False,GPDGGTG,0.998,0.956,A:CYM8->CYS
F,F,1.0,1.0,11.25,9.03,6.48,6.06,M,0.329,0.495,Slitura__r1,-18.83,-20.28,4.877553869553878,0.575996158320522,0.0,0.0,0.96,0.797,-9.012500000000001,-8.719999999999999,True,False,QSPDFPNPPNNH,0.102,0.978,A:CYM10->CYS
F,F,1.0,1.0,6.26,9.95,5.73,6.23,M,0.856,0.703,Slitura__r2,-36.86,-24.74,2.24690572156466,1.0820706121136443,0.0,0.0,0.265,0.36,-11.292857142857143,-9.056666666666668,False,True,QAPDFPTGPNQS,0.968,0.97,A:CYM10->CYS
F,F,1.0,1.0,5.07,5.23,4.27,5.6,M,0.942,0.459,Slitura__r3,-54.48,-32.04,0.8625585605627042,1.0300571090963848,0.351,0.191,0.3,0.651,-10.72,-8.783333333333333,True,True,QSPDFPNGPGQS,1.0,0.271,A:CYM10->CYS
T,T,0.966,1.0,35.19,18.71,17.05,14.63,M,0.098,0.555,Onubilalis__r1,-6.29,-18.81,1.8750404309240911,1.9797770686620237,0.0,0.0,1.693,0.689,-6.896666666666666,-8.359999999999998,False,False,HSQPGSPTGG,0.126,0.299,
S,S,1.0,1.0,5.7,5.45,5.56,5.41,M,0.655,0.984,Onubilalis__r2,-11.19,-21.92,0.6808182676750092,1.524708273211633,0.016,0.259,0.676,0.28,-7.453333333333335,-8.523333333333333,True,True,GSDSNG,0.866,0.996,
Q,Q,1.0,1.0,10.27,6.47,4.85,5.49,M,0.695,0.998,Onubilalis__r3,-23.18,-29.13,0.5873596703894464,0.6027056541961424,0.0,0.0,0.414,0.199,-7.286666666666665,-8.100000000000001,True,True,GQNDS,0.986,1.0,
I,I,1.0,1.0,8.12,5.76,4.16,4.85,M,0.878,0.832,Dsaccharalis__r1,-33.45,-34.14,1.8775939982861045,0.706191289665909,0.0,0.024,0.413,0.431,-8.643333333333329,-9.133333333333331,False,False,GIGSG,0.976,1.0,
I,I,1.0,1.0,7.14,9.09,6.1,5.07,M,0.966,0.852,Dsaccharalis__r2,-23.06,-16.84,0.2452443874994913,1.2961944582507676,0.0,0.0,0.301,0.325,-7.376666666666666,-7.59,False,True,DGING,0.77,0.992,
Y,Y,1.0,1.0,6.6,6.67,5.13,4.69,M,1.0,0.469,Dsaccharalis__r3,-28.94,-30.41,1.2616421768473005,0.9587878397226365,0.008,0.57,0.218,0.283,-8.406666666666665,-7.496666666666667,True,True,IYPETG,0.982,0.83,
R,R,1.0,1.0,5.21,2.8,3.97,3.21,M,1.0,1.0,Cincludens__r1,-65.01,-42.45,1.0737489688004314,2.274616125503376,0.331,1.0,0.65,0.705,-10.370000000000001,-10.116666666666669,False,False,PISQIDSGSR,1.0,0.984,A:CYM10->CYS
I,I,1.0,1.0,5.72,6.73,5.51,5.96,M,0.968,0.954,Cincludens__r2,-40.25,-38.58,0.7292081842656478,0.7462747633412229,0.064,0.0,0.263,0.289,-9.889999999999999,-10.013333333333334,True,True,SGSTDIE,0.994,0.918,A:CYM10->CYS
T,T,1.0,1.0,5.95,6.56,5.99,5.56,M,0.519,0.91,Cincludens__r3,-27.02,-24.57,0.4222301059848769,0.39582635788941545,0.012,0.0,0.27,0.322,-9.900000000000002,-9.600000000000001,True,True,GGSTDID,0.984,0.974,A:CYM10->CYS;A:HID69->HIP
H,H,1.0,1.0,7.3,5.23,5.29,5.09,M,0.599,0.938,Hvirescens__r1,-10.82,-27.38,1.237828287930116,0.7323758750805508,0.0,0.243,0.776,0.388,-7.929999999999999,-7.9300000000000015,False,False,THSGSGS,0.946,0.976,
N,N,1.0,1.0,6.76,14.23,6.21,4.65,M,0.984,0.22,Hvirescens__r2,-23.22,-9.51,0.3892247597468586,0.5224484877956871,0.0,0.0,0.156,0.881,-8.036666666666667,-8.383333333333333,True,True,NGGTT,0.914,0.174,
H,H,1.0,1.0,5.66,6.29,4.01,3.83,M,0.882,0.138,Hvirescens__r3,-26.7,-21.85,0.3592091401955133,1.5048411583951307,0.024,0.0,0.272,0.641,-8.160000000000002,-7.756666666666665,False,False,PHGEA,0.567,0.166,A:LYN212->LYS
N,N,1.0,1.0,5.53,5.38,4.17,4.55,M,1.0,0.95,Pxylostella__r3,-26.45,-25.92,0.6903737932453691,0.6860761403809363,0.088,0.231,0.463,0.825,-9.82333333333333,-9.93666666666667,True,True,HGGNGSG,1.0,0.896,A:LYN219->LYS
