E2,E3,MD_rmsd,MMGBSA,MMGBSA_res,MMGBSA_sem,PRODIGY_md,PRODIGY_md_res,PRODIGY_pose,PRODIGY_pose_res,agg_ALL,agg_L,agg_M,front,key,n_res,nstages_ALL,nstages_L,nstages_M,pos_ALL,pos_L,pos_M,qc_pose,rank_E2_ALL,rank_E2_L,rank_E2_M,rank_E3_ALL,rank_E3_L,rank_E3_M,rank_MD_ALL,rank_MD_L,rank_MD_M,rank_MMGBSA_ALL,rank_MMGBSA_L,rank_MMGBSA_M,rank_PRODIGY_md_ALL,rank_PRODIGY_md_L,rank_PRODIGY_md_M,rank_PRODIGY_pose_ALL,rank_PRODIGY_pose_L,rank_PRODIGY_pose_M,ring_strict,sequence,species,tier
0.937,0.030048712094624785,0.199,-53.25,-6.65625,1.4384597317964785,-10.053333333333336,-1.256666666666667,-11.1,-1.3875,8.666666666666666,6.666666666666667,,L,Agemmatalis__r2,8,6,6,,1,1,,True,2.5,2.5,,16.0,13.0,,2.5,2.0,,3.0,3.0,,13.5,10.0,,14.5,9.5,,,NGGRPDAP,Agemmatalis,A
0.926,0.03064878119362724,0.427,-48.18,-9.636,0.14781715191411238,-9.039999999999997,-1.8079999999999994,-10.7,-2.1399999999999997,9.0,7.0,,L,Onubilalis__r1,5,6,6,,2,2,,True,9.5,9.5,,15.0,12.0,,18.0,12.0,,2.0,2.0,,5.5,4.0,,4.0,2.5,,,GSNIN,Onubilalis,A
0.944,0.042516055372026185,0.488,-41.57,-6.928333333333334,0.4420373812247085,-8.87,-1.4783333333333333,-9.9,-1.6500000000000001,9.583333333333334,7.416666666666667,,L,Dsaccharalis__r1,6,6,6,,3,3,,True,1.0,1.0,,5.0,5.0,,21.0,15.0,,3.5,3.5,,12.5,9.5,,14.5,10.5,,,PTTTQT,Dsaccharalis,A
0.911,0.055803452597724124,0.224,-26.77,-5.354,0.9063580802309855,-8.909999999999998,-1.7819999999999996,-9.5,-1.9,9.708333333333334,7.791666666666667,,L,Hvirescens__r2,5,6,6,,4,4,,True,18.0,16.0,,2.0,2.0,,5.0,4.0,,14.5,11.5,,6.5,5.0,,12.25,8.25,,,SGPIG,Hvirescens,A
0.917,0.020684031645456957,0.223,-28.27,-5.654,1.2641357939715179,-9.183333333333332,-1.8366666666666664,-10.5,-2.1,10.458333333333334,8.166666666666666,,L,Cincludens__r1,5,6,6,,5,5,,True,14.0,13.0,,23.0,17.0,,4.0,3.0,,12.0,9.5,,4.0,2.5,,5.75,4.0,,,TDETG,Cincludens,A
0.933,0.03299155897564365,0.311,-34.82,-4.974285714285714,2.585085476652562,-9.126666666666665,-1.3038095238095235,-10.0,-1.4285714285714286,12.416666666666666,9.0,,L,Dsaccharalis__r2,7,6,6,,7,6,,True,5.0,5.0,,12.0,10.0,,12.0,7.0,,11.5,9.5,,15.0,10.0,,19.0,12.5,,,GGDINPG,Dsaccharalis,A
0.93,0.045339572429656916,0.444,-30.16,-6.032,0.4110311209628797,-8.246666666666668,-1.6493333333333335,-8.1,-1.6199999999999999,13.083333333333334,10.083333333333334,,L,Agemmatalis__r3,5,6,6,,8,7,,True,7.0,7.0,,4.0,4.0,,19.0,13.0,,10.0,8.5,,13.5,9.5,,25.0,18.5,,,GTDEN,Agemmatalis,A
0.926,0.06947001748614834,0.243,-18.59,-2.6557142857142857,0.526352292670983,-8.433333333333332,-1.2047619047619045,-9.5,-1.3571428571428572,14.375,10.375,,L,Hvirescens__r1,7,6,6,,12,8,,True,9.5,9.5,,1.0,1.0,,6.0,5.0,,24.5,16.0,,22.0,15.0,,23.25,15.75,,,GGPSPES,Hvirescens,A
0.907,0.022254463036855077,0.139,-33.6,-6.720000000000001,1.193178468461445,-7.910000000000001,-1.5820000000000003,-9.1,-1.8199999999999998,14.208333333333334,10.541666666666666,,L,Hvirescens__r3,5,6,6,,10,9,,True,23.0,19.0,,22.0,16.0,,1.0,1.0,,6.5,6.0,,17.5,11.5,,15.25,9.75,,,NGGTT,Hvirescens,A
0.866,0.019667997625139044,0.308,-33.81,-6.7620000000000005,0.2522299078222092,-8.659999999999998,-1.7319999999999998,-10.4,-2.08,14.75,10.583333333333334,,L,Slitura__r1,5,6,6,,13,10,,True,30.0,21.0,,25.0,19.0,,11.0,6.0,,5.5,5.0,,10.0,7.5,,7.0,5.0,,,GISGS,Slitura,A
0.934,0.013186307748158876,1.092,-33.55,-5.591666666666666,0.575119368479276,-10.416666666666668,-1.7361111111111114,-10.7,-1.7833333333333332,14.25,10.666666666666666,,L,Pxylostella__r1,6,6,6,,11,11,,True,4.0,4.0,,28.0,20.0,,33.0,23.0,,9.5,8.5,,3.0,3.0,,8.0,5.5,,,GHHGGG,Pxylostella,A
0.932,0.036275786823696476,0.449,-24.16,-4.026666666666666,1.4206773404260373,-8.376666666666667,-1.396111111111111,-9.9,-1.6500000000000001,14.916666666666666,11.0,,L,Pxylostella__r2,6,6,6,,14,12,,True,6.0,6.0,,10.0,8.0,,20.0,14.0,,20.0,15.0,,19.0,12.5,,14.5,10.5,,,GSGGPS,Pxylostella,A
0.937,0.02694733540217087,0.333,-32.54,-5.423333333333333,2.649405562310157,-6.976666666666666,-1.1627777777777777,-7.1,-1.1833333333333333,17.666666666666668,12.916666666666666,,L,Agemmatalis__r1,6,6,6,,17,13,,True,2.5,2.5,,17.0,14.0,,14.0,8.0,,11.0,9.5,,30.0,21.0,,31.5,22.5,,,GGSQSS,Agemmatalis,A
0.918,0.054942014482286194,0.386,-5.36,-1.072,1.501518248174161,-7.526666666666667,-1.5053333333333334,-8.2,-1.64,18.083333333333332,13.166666666666666,,L,Sfrugiperda__r2,5,6,6,,19,14,,True,13.0,12.0,,3.0,3.0,,17.0,11.0,,32.0,22.0,,20.0,14.0,,23.5,17.0,,,GTDTG,Sfrugiperda,A
0.864,0.03897457652621805,0.626,-42.2,-5.275,0.726396570476486,-8.73333333333333,-1.0916666666666663,-10.7,-1.3375,18.666666666666668,13.666666666666666,,L,Slitura__r3,8,6,6,,21,15,,True,32.5,23.0,,9.0,7.0,,23.0,17.0,,9.0,8.0,,21.0,15.0,,17.5,12.0,,,GTPESNES,Slitura,A
0.912,0.039972790082295706,0.385,-9.93,-1.655,1.4397203028366312,-7.65,-1.2750000000000001,-9.1,-1.5166666666666666,19.458333333333332,13.791666666666666,,L,Cincludens__r2,6,6,6,,23,16,,True,17.0,15.0,,7.0,6.0,,16.0,10.0,,29.5,20.0,,24.5,16.5,,22.75,15.25,,,STTDGG,Cincludens,A
0.929,0.03612360027101302,0.871,-11.7,-2.34,1.623314308444301,-7.660000000000001,-1.5320000000000003,-8.6,-1.72,19.125,13.791666666666666,,L,Dsaccharalis__r3,5,6,6,,22,17,,True,8.0,8.0,,11.0,9.0,,30.0,21.0,,26.0,17.5,,18.5,12.5,,21.25,14.75,,,SGIDG,Dsaccharalis,A
0.915,0.020374470286899093,0.354,-26.55,-5.3100000000000005,0.24941890866572256,-7.3800000000000034,-1.4760000000000006,-8.8,-1.7600000000000002,18.583333333333332,13.833333333333334,,L,Sfrugiperda__r3,5,6,6,,20,18,,True,15.0,14.0,,24.0,18.0,,15.0,9.0,,15.5,12.5,,22.5,16.0,,19.5,13.5,,,GGTSE,Sfrugiperda,A
0.865,0.01124926408131921,0.706,-51.43,-4.285833333333334,0.5501727205160194,-11.91666666666666,-0.993055555555555,-11.0,-0.9166666666666666,22.083333333333332,15.916666666666666,,L,Slitura__r2,12,6,6,,27,19,,True,31.0,22.0,,31.0,22.0,,26.0,19.0,,10.0,8.0,,16.0,12.0,,18.5,12.5,,,QAPDFPTGPNNS,Slitura,A
0.923,0.03115896516376071,0.656,-15.27,-2.1814285714285715,1.6217642117151305,-7.2666666666666675,-1.0380952380952382,-8.6,-1.2285714285714284,22.458333333333332,16.541666666666668,,L,Sfrugiperda__r1,7,6,6,,28,20,,True,11.0,11.0,,13.0,11.0,,25.0,18.0,,26.0,17.5,,30.5,21.5,,29.25,20.25,,,GPGGGTG,Sfrugiperda,A
0.909,0.02650859753290813,0.781,-9.99,-1.665,0.6985485683902016,-7.4333333333333345,-1.2388888888888892,-9.8,-1.6333333333333335,22.833333333333332,17.083333333333332,,L,Cincludens__r3,6,6,6,,29,21,,True,19.5,17.5,,18.0,15.0,,27.0,20.0,,28.5,19.0,,27.5,18.5,,16.5,12.5,,,GGPSTG,Cincludens,A
0.891,0.007756721973419145,0.602,-8.25,-1.65,0.31315768296498786,-8.166666666666666,-1.6333333333333333,-8.9,-1.78,24.416666666666668,17.166666666666668,,L,Onubilalis__r3,5,6,6,,32,22,,True,27.0,20.0,,33.0,23.0,,22.0,16.0,,31.0,21.0,,15.5,10.5,,18.0,12.5,,,GDNSD,Onubilalis,A
0.909,0.013170023759206062,0.928,-1.98,-0.396,0.7708063352100837,-6.665517241379311,-1.3331034482758621,-9.0,-1.8,26.166666666666668,18.833333333333332,,L,Onubilalis__r2,5,6,6,,33,23,,True,19.5,17.5,,29.0,21.0,,32.0,22.0,,33.0,23.0,,27.0,18.5,,16.5,11.0,,,GQNDS,Onubilalis,A
0.908,0.04177784257464945,0.289,-38.58,-5.511428571428572,0.7462747633412229,-10.013333333333334,-1.4304761904761905,-10.5,-1.5,11.958333333333334,,3.1666666666666665,M,Cincludens__r2,7,6,,6,6,,1,True,21.5,,3.5,6.0,,1.0,10.0,,5.0,8.0,,1.5,10.0,,2.5,16.25,,5.5,True,SGSTDIE,Cincludens,A
0.874,0.030679488182067893,0.199,-29.13,-5.826,0.6027056541961424,-8.100000000000001,-1.6200000000000003,-9.6,-1.92,13.833333333333334,,4.083333333333333,M,Onubilalis__r3,5,6,,6,9,,2,True,28.0,,8.0,14.0,,3.0,2.5,,1.0,11.0,,2.5,16.5,,6.0,11.0,,4.0,True,GQNDS,Onubilalis,A
0.921,0.024670741293165377,0.283,-30.41,-5.068333333333333,0.9587878397226365,-7.496666666666667,-1.2494444444444446,-9.7,-1.6166666666666665,16.583333333333332,,4.5,M,Dsaccharalis__r3,6,6,,6,16,,3,True,12.0,,1.0,20.0,,5.0,9.0,,4.0,14.0,,3.0,26.5,,9.0,18.0,,5.0,True,IYPETG,Dsaccharalis,A
0.908,0.015116409460703584,0.275,-23.86,-4.772,1.0870095388725896,-8.22,-1.6440000000000001,-8.8,-1.7600000000000002,18.0,,4.916666666666667,M,Sfrugiperda__r1,5,6,,6,18,,4,True,21.5,,3.5,26.0,,7.0,7.0,,2.0,19.5,,5.5,14.5,,5.0,19.5,,6.5,True,GGHSE,Sfrugiperda,A
0.904,0.03947684102588234,0.322,-24.57,-3.5100000000000002,0.39582635788941545,-9.600000000000001,-1.3714285714285717,-10.1,-1.4428571428571428,16.166666666666668,,5.166666666666667,M,Cincludens__r3,7,6,,6,15,,5,True,24.0,,5.0,8.0,,2.0,13.0,,6.0,21.0,,6.5,13.0,,5.0,18.0,,6.5,True,GGSTDID,Cincludens,A
0.913,0.012129758463965468,0.825,-25.92,-3.7028571428571433,0.6860761403809363,-9.93666666666667,-1.4195238095238099,-10.8,-1.542857142857143,19.833333333333332,,5.583333333333333,M,Pxylostella__r3,7,6,,6,24,,6,True,16.0,,2.0,30.0,,9.0,29.0,,9.0,19.5,,5.0,11.5,,4.0,13.0,,4.5,True,HGGNGSG,Pxylostella,A
0.895,0.013615225421057864,0.28,-21.92,-3.6533333333333338,1.524708273211633,-8.523333333333333,-1.4205555555555556,-9.3,-1.55,19.875,,6.041666666666667,M,Onubilalis__r2,6,6,,6,25,,7,True,25.0,,6.0,27.0,,8.0,8.0,,3.0,22.0,,7.0,16.5,,5.5,20.75,,6.75,True,GSDSNG,Onubilalis,A
0.894,0.02535443041059704,0.881,-9.51,-1.902,0.5224484877956871,-8.383333333333333,-1.6766666666666665,-9.3,-1.86,21.708333333333332,,6.625,M,Hvirescens__r2,5,6,,6,26,,8,True,26.0,,7.0,19.0,,4.0,31.0,,10.0,28.5,,9.5,12.0,,4.0,13.75,,5.25,True,NGGTT,Hvirescens,A
0.864,0.008151879575517551,0.651,-32.04,-2.67,1.0300571090963848,-8.783333333333333,-0.7319444444444444,-11.3,-0.9416666666666668,24.166666666666668,,7.416666666666667,M,Slitura__r3,12,6,,6,31,,9,True,32.5,,10.0,32.0,,10.0,24.0,,7.0,17.5,,5.0,22.0,,6.5,17.0,,6.0,True,QSPDFPNGPGQS,Slitura,A
0.871,0.02379590935177278,0.797,-20.28,-1.6900000000000002,0.575996158320522,-8.719999999999999,-0.7266666666666666,-12.2,-1.0166666666666666,23.916666666666668,,7.5,M,Slitura__r1,12,6,,6,30,,10,True,29.0,,9.0,21.0,,6.0,28.0,,8.0,26.0,,9.5,23.5,,7.5,16.0,,5.0,True,QSPDFPNPPNNH,Slitura,A
