front,tier,provisional,species,sequence,confidence_E2,delta_E3,qc_pose,occ5_h2,anchor,anchor_same,ring_strict,ring_frac_ge150,ctrl_decoy_occ5_h2,ph_robust,has_KR,start_dist_Asp189_A,failed,pending,key
L,A,True,Agemmatalis,NGGRPDAP,0.937,,True,1.0,R,True,,,,,True,3.51,,delta_gt0,Agemmatalis__r2
L,C,True,Agemmatalis,GTDEN,0.93,,True,0.629,E,True,,,,,False,4.31,s1_occupancy,delta_gt0,Agemmatalis__r3
L,C,True,Agemmatalis,GGSQSS,0.937,,True,0.068,Q,True,,,,,False,5.51,s1_occupancy,delta_gt0,Agemmatalis__r1
L,C,True,Sfrugiperda,GPGGGTG,0.923,,True,0.0,T,True,,,,,False,6.33,s1_occupancy,delta_gt0,Sfrugiperda__r1
L,C,True,Sfrugiperda,GTDTG,0.918,,True,0.0,T,True,,,,,False,4.31,s1_occupancy,delta_gt0,Sfrugiperda__r2
L,C,True,Sfrugiperda,GGTSE,0.915,,True,0.0,S,True,,,,,False,5.96,s1_occupancy,delta_gt0,Sfrugiperda__r3
L,C,True,Slitura,GISGS,0.866,,True,0.0,S,False,,,,,False,6.78,s1_occupancy,delta_gt0,Slitura__r1
L,C,True,Slitura,QAPDFPTGPNNS,0.865,,True,0.0,F,True,,,,,False,4.29,s1_occupancy,delta_gt0,Slitura__r2
L,C,True,Slitura,GTPESNES,0.864,,True,0.0,N,True,,,,,False,5.87,s1_occupancy,delta_gt0,Slitura__r3
L,P,True,Dsaccharalis,PTTTQT,0.944,,True,,,,,,,,False,4.49,,delta_gt0,Dsaccharalis__r1
L,P,True,Pxylostella,GHHGGG,0.934,,True,,,,,,,,False,3.25,,delta_gt0,Pxylostella__r1
L,P,True,Dsaccharalis,GGDINPG,0.933,,True,,,,,,,,False,6.86,,delta_gt0,Dsaccharalis__r2
L,P,True,Pxylostella,GSGGPS,0.932,,True,,,,,,,,False,5.59,,delta_gt0,Pxylostella__r2
L,P,True,Dsaccharalis,SGIDG,0.929,,True,,,,,,,,False,5.08,,delta_gt0,Dsaccharalis__r3
L,P,True,Onubilalis,GSNIN,0.926,,True,,,,,,,,False,5.24,,delta_gt0,Onubilalis__r1
L,P,True,Hvirescens,GGPSPES,0.926,,True,,,,,,,,False,4.4,,delta_gt0,Hvirescens__r1
L,P,True,Pxylostella,HGGGGSG,0.923,,True,,,,,,,,False,6.92,,delta_gt0,Pxylostella__r3
L,P,True,Cincludens,TDETG,0.917,,True,,,,,,,,False,3.23,,delta_gt0,Cincludens__r1
L,P,True,Cincludens,STTDGG,0.912,,True,,,,,,,,False,5.68,,delta_gt0,Cincludens__r2
L,P,True,Hvirescens,SGPIG,0.911,,True,,,,,,,,False,5.4,,delta_gt0,Hvirescens__r2
L,P,True,Onubilalis,GQNDS,0.909,,True,,,,,,,,False,2.55,,delta_gt0,Onubilalis__r2
L,P,True,Cincludens,GGPSTG,0.909,,True,,,,,,,,False,12.03,,delta_gt0,Cincludens__r3
L,P,True,Hvirescens,NGGTT,0.907,,True,,,,,,,,False,5.5,,delta_gt0,Hvirescens__r3
L,P,True,Onubilalis,GDNSD,0.891,,True,,,,,,,,False,5.83,,delta_gt0,Onubilalis__r3
M,B,True,Agemmatalis,GGKPGEP,0.923,,True,1.0,K,True,False,0.996,,,True,3.17,ring_strict,delta_gt0,Agemmatalis__r2
M,C,True,Agemmatalis,GGSQSS,0.932,,True,0.0,Q,True,False,0.998,,,False,5.01,ring_strict;s1_occupancy,delta_gt0,Agemmatalis__r1
M,C,True,Agemmatalis,GGSDHT,0.908,,True,0.0,H,True,False,0.998,,,False,4.08,ring_strict;s1_occupancy,delta_gt0,Agemmatalis__r3
M,P,True,Dsaccharalis,GIGSG,0.93,,True,,,,,,,,False,4.9,,delta_gt0;ring_strict,Dsaccharalis__r1
M,P,True,Pxylostella,GGGGH,0.924,,True,,,,,,,,False,3.37,,delta_gt0;ring_strict,Pxylostella__r1
M,P,True,Dsaccharalis,DGING,0.923,,True,,,,,,,,False,5.18,,delta_gt0;ring_strict,Dsaccharalis__r2
M,P,True,Dsaccharalis,IYPETG,0.921,,True,,,,,,,,False,3.95,,delta_gt0;ring_strict,Dsaccharalis__r3
M,P,True,Cincludens,PISQIDSGSR,0.919,,True,,,,,,,,True,2.95,,delta_gt0;ring_strict,Cincludens__r1
M,P,True,Pxylostella,GGHGGG,0.913,,True,,,,,,,,False,3.21,,delta_gt0;ring_strict,Pxylostella__r2
M,P,True,Pxylostella,HGGNGSG,0.913,,True,,,,,,,,False,5.97,,delta_gt0;ring_strict,Pxylostella__r3
M,P,True,Sfrugiperda,GGHSE,0.908,,True,,,,,,,,False,2.85,,delta_gt0;ring_strict,Sfrugiperda__r1
M,P,True,Cincludens,SGSTDIE,0.908,,True,,,,,,,,False,4.4,,delta_gt0;ring_strict,Cincludens__r2
M,P,True,Cincludens,GGSTDID,0.904,,True,,,,,,,,False,5.19,,delta_gt0;ring_strict,Cincludens__r3
M,P,True,Sfrugiperda,GENGGPG,0.902,,True,,,,,,,,False,3.47,,delta_gt0;ring_strict,Sfrugiperda__r2
M,P,True,Sfrugiperda,GPDGGTG,0.9,,True,,,,,,,,False,5.55,,delta_gt0;ring_strict,Sfrugiperda__r3
M,P,True,Onubilalis,HSQPGSPTGG,0.898,,True,,,,,,,,False,11.56,,delta_gt0;ring_strict,Onubilalis__r1
M,P,True,Hvirescens,THSGSGS,0.897,,True,,,,,,,,False,4.73,,delta_gt0;ring_strict,Hvirescens__r1
M,P,True,Onubilalis,GSDSNG,0.895,,True,,,,,,,,False,4.97,,delta_gt0;ring_strict,Onubilalis__r2
M,P,True,Hvirescens,NGGTT,0.894,,True,,,,,,,,False,4.8,,delta_gt0;ring_strict,Hvirescens__r2
M,P,True,Hvirescens,PHGEA,0.891,,True,,,,,,,,False,3.81,,delta_gt0;ring_strict,Hvirescens__r3
M,P,True,Onubilalis,GQNDS,0.874,,True,,,,,,,,False,3.94,,delta_gt0;ring_strict,Onubilalis__r3
M,P,True,Slitura,QSPDFPNPPNNH,0.871,,True,,,,,,,,False,4.19,,delta_gt0;ring_strict,Slitura__r1
M,P,True,Slitura,QAPDFPTGPNQS,0.868,,True,,,,,,,,False,4.35,,delta_gt0;ring_strict,Slitura__r2
M,P,True,Slitura,QSPDFPNGPGQS,0.864,,True,,,,,,,,False,3.26,,delta_gt0;ring_strict,Slitura__r3
